App,Post Title,URL,Restaurant Name,Restaurant Address,Crawler Time
Naver Blog,달맞이고개 카페 만돌라디저트가 맛있는곳,https://blog.naver.com/rifel/223539205188,카페 드 부엌 해운대점,부산광역시 해운대구 달맞이길117번나길 200 1층 일부호,2024-08-07 14:46
Naver Blog,인천터미널 롯데백화점 지하 삼계탕 맛집 진전복삼계탕 인천점 후기,https://blog.naver.com/cara1226/223538672812,진전복삼계탕 롯데백화점 인천점,인천광역시 미추홀구 연남로 35 지하1층,2024-08-07 14:46
Naver Blog,대구 수성못 맛집 고즈넉한 분위기의 고깃집 아사다라 한우셀프센터,https://blog.naver.com/nlifefun/223539248062,아사다라 한우셀프센터,대구광역시 수성구 용학로 116-12,2024-08-07 14:46
Naver Blog,해운대 수제케이크 해리제이케이크,https://blog.naver.com/parkenmi14/223539407156,해리제이케이크,부산광역시 해운대구 우동1로38번길 11 132호,2024-08-07 14:46
Naver Blog,안성케이크 레터링 수제 딸기 제이델링 진사리점,https://blog.naver.com/taengbong89/223538973161,제이델링 안성진사리점,경기도 안성시 공도읍 진사길 23 1층 101-4호,2024-08-07 14:46
Naver Blog,문래역 맛집 분위기 좋은 야끼니꾸 고기집 문래동 코미오,https://blog.naver.com/matcumentary/223539466879,코미오 문래,서울특별시 영등포구 도림로 434-11 1층,2024-08-07 14:46
Naver Blog,인공태양 수면등 라툴 햇살시계,https://blog.naver.com/kyung2ziyo/223539409418, , ,2024-08-07 14:46
Naver Blog,판교 운중동 맛집 비스트로도마 스테이크 달인 레스토랑,https://blog.naver.com/ong_simi/223539238542,비스트로도마,경기도 성남시 분당구 하오개로 383 1층,2024-08-07 14:46
Naver Blog,인천 미추홀구 냉면 맛집 얼음골불냉면전문점 배달 후기,https://blog.naver.com/phjung5394/223539489549,건웅보쌈,인천광역시 미추홀구 미추홀대로626번길 12,2024-08-07 14:46
Naver Blog,창원 상남동 점심 맛집 호랑면옥 고기국수 새우파전,https://blog.naver.com/rwg1326/223539433870, , ,2024-08-07 14:46
Naver Blog,신도림역맛집 명인고기본점 소고기 시키면 삼 주는 신도림소고기 맛집,https://blog.naver.com/goodjobtoday_/223539352390,명인고기본점,서울특별시 구로구 새말로9길 46 2층,2024-08-07 14:46
Naver Blog,[서촌] 서촌 맛집 경복궁역 퓨전 한식주점 서촌 곳간 예약 주말 웨이팅,https://blog.naver.com/dailysenti/223539088982,서촌 곳간,서울특별시 종로구 필운대로 6-1 1층,2024-08-07 14:46
Naver Blog,부산 광안리 구어주는 고기집 우대갈비 맛집 추천 고결,https://blog.naver.com/love2xxxx/223539453015,고결,부산광역시 수영구 광안해변로255번길 50 1~2층,2024-08-07 14:46
Naver Blog,강남역디저트맛집 24시간 무인 떡집 메고지고 떡창고 강남역점 포장 후기,https://blog.naver.com/mykyunge/223539327452, , ,2024-08-07 14:46
Naver Blog,청라 한우 맛집 전재료가 국내산인 한식 고기집 청라우사미,https://blog.naver.com/zladizl/223539239683,청라우사미,인천광역시 서구 청라루비로42번길 5-25 1층 우사미,2024-08-07 14:46
Naver Blog,왕십리 맛집 제일곱창 고기집 모듬구이 꽉찬 곱의 고소한 맛,https://blog.naver.com/mimibus74/223539419947,육명갈비,서울특별시 성동구 왕십리로24길 3 1층,2024-08-07 14:46
Naver Blog,신당동 소고기맛집 가족외식 추천 백송한우,https://blog.naver.com/yigangmy/223539342532,백송 신당본점,"서울특별시 중구 다산로33다길 45 1,2층",2024-08-07 14:46
Naver Blog,"김포 대형카페 아보고가, 피라미드 모양의 이색적인 분위기! 빵맛집으로 추천",https://blog.naver.com/jobswan/223539261752, , ,2024-08-07 14:46
Naver Blog,반석역 맛집 팔각도 대전반석점 반석 고기집 숯불닭갈비 게라면 강추,https://blog.naver.com/borycorn/223539216322,팔각도 대전반석점,대전광역시 유성구 반석로12번안길 16-8 1층,2024-08-07 14:46
Naver Blog,사당역 맛집 냉삼 삼합이 맛있었던 까꿍돼지 사당삼겹살,https://blog.naver.com/darkyoon85/223536116176,까꿍돼지사당삼겹살,서울특별시 관악구 남현1길 68-6,2024-08-07 14:46
